{
  "welcomeFile": "/index.html",
  "authenticationMethod": "route",
  "routes": [
    {
      "source": "^/odata/v4/business-trip/(.*)$",
      "destination": "srv-api",
      "authenticationType": "xsuaa"
    },
    {
      "source": "^/resources/(.*)$",
      "target": "/resources/$1",
      "authenticationType": "none",
      "destination": "ui5"
    },
    {
      "source": "^/test-resources/(.*)$",
      "target": "/test-resources/$1",
      "authenticationType": "none",
      "destination": "ui5"
    },
    {
      "source": "^(.*)$",
      "target": "/index.html",
      "authenticationType": "none",
      "destination": "ui5"
    },
    {
      "source": "^/?odata/(.*)$",
      "target": "/odata/$1",
      "destination": "srv-api",
      "authenticationType": "xsuaa",
      "csrfProtection": true
    }
  ]
}
